comment,comment (clean)
"0:00 / 8:47
Pemilu 2024, Nama Anies, Ganjar, dan Prabowo, Siapa Kandidat Capres Terkuat?
KOMPASTV
14.8M subscribers
Subscribe
1.6K
Share
314K views  3 months ago
JAKARTA, KOMPAS.TV - Ajang pemilu 2024 tinggal setahun lagi.

Tapi semua partai sudah mulai sibuk bergerak  untuk konsolidasi, dan menyaring siapa  â€¦
Show more
[FULL] Sandiaga Uno, Tinggalkan Prabowo demi Ganjar Pranowo? | ROSI
KOMPASTV
938K views 13 days ago", pemilu nama anies ganjar dan prabowo siapa kandidat capres terkuat kompastv m subscribers subscribe k share k views months ago jakarta kompas tv ajang pemilu tinggal setahun lagi tapi semua partai sudah mulai sibuk bergerak untuk konsolidasi dan menyaring siapa show more ful sandiaga uno tinggalkan prabowo demi ganjar pranowo rosi kompastv k views days ago
